model,case,spine reconstruction DICE,spine reconstruction IoU,C1 DICE,C1 IoU,C2 DICE,C2 IoU,C3 DICE,C3 IoU,C4 DICE,C4 IoU,C5 DICE,C5 IoU,C6 DICE,C6 IoU,C7 DICE,C7 IoU,L1 DICE,L1 IoU,L2 DICE,L2 IoU,L3 DICE,L3 IoU,L4 DICE,L4 IoU,L5 DICE,L5 IoU,T1 DICE,T1 IoU,T10 DICE,T10 IoU,T11 DICE,T11 IoU,T12 DICE,T12 IoU,T2 DICE,T2 IoU,T3 DICE,T3 IoU,T4 DICE,T4 IoU,T5 DICE,T5 IoU,T6 DICE,T6 IoU,T7 DICE,T7 IoU,T8 DICE,T8 IoU,T9 DICE,T9 IoU
TotalSegmentator,sub-gl017,0.8873130860049545,0.7974508146403037,0.9017937286152297,0.8211515014188759,0.9115527277401347,0.8374799137927399,0.8854033422030084,0.7943710722702279,0.9004416367919333,0.8189120895454869,0.9033181884503019,0.8236830217634792,0.8966492615246905,0.8126602269408418,0.9162355000479724,0.8454193693265735,1.0,1.0,1.0,1.0,1.0,1.0,1.0,1.0,1.0,1.0,0.9276962220703509,0.8651431069855043,1.0,1.0,1.0,1.0,1.0,1.0,0.9220023992640822,0.8552916988262849,0.9159832272932616,0.8449899026987332,0.9158491922103541,0.8447618040128354,0.0,0.0,1.0,1.0,1.0,1.0,1.0,1.0,1.0,1.0
